{"jsonTestAppObject":
 [
{"timeStamp":"20160825T05:45:42.064Z","flowRate":"0.0","flowRateUnits":"L/min","currentLiquidFlow":"0","currentLiquidFlowUnits":"L/sec","totalLiquidFlow":"0","totalLiquidFlowUnits":"mL"},{"timeStamp":"20160825T05:45:42.685Z","flowRate":"0.0","flowRateUnits":"L/min","currentLiquidFlow":"0","currentLiquidFlowUnits":"L/sec","totalLiquidFlow":"0","totalLiquidFlowUnits":"mL"},{"timeStamp":"20160825T05:45:43.688Z","flowRate":"0.0","flowRateUnits":"L/min","currentLiquidFlow":"0","currentLiquidFlowUnits":"L/sec","totalLiquidFlow":"0","totalLiquidFlowUnits":"mL"},{"timeStamp":"20160825T05:45:44.690Z","flowRate":"0.0","flowRateUnits":"L/min","currentLiquidFlow":"0","currentLiquidFlowUnits":"L/sec","totalLiquidFlow":"0","totalLiquidFlowUnits":"mL"},{"timeStamp":"20160825T05:45:45.692Z","flowRate":"0.0","flowRateUnits":"L/min","currentLiquidFlow":"0","currentLiquidFlowUnits":"L/sec","totalLiquidFlow":"0","totalLiquidFlowUnits":"mL"},{"timeStamp":"20160825T05:45:46.695Z","flowRate":"0.0","flowRateUnits":"L/min","currentLiquidFlow":"0","currentLiquidFlowUnits":"L/sec","totalLiquidFlow":"0","totalLiquidFlowUnits":"mL"},{"timeStamp":"20160825T05:45:47.696Z","flowRate":"0.0","flowRateUnits":"L/min","currentLiquidFlow":"0","currentLiquidFlowUnits":"L/sec","totalLiquidFlow":"0","totalLiquidFlowUnits":"mL"},{"timeStamp":"20160825T05:45:48.698Z","flowRate":"0.0","flowRateUnits":"L/min","currentLiquidFlow":"0","currentLiquidFlowUnits":"L/sec","totalLiquidFlow":"0","totalLiquidFlowUnits":"mL"},{"timeStamp":"20160825T05:45:49.701Z","flowRate":"9.3","flowRateUnits":"L/min","currentLiquidFlow":"155","currentLiquidFlowUnits":"L/sec","totalLiquidFlow":"155","totalLiquidFlowUnits":"mL"},{"timeStamp":"20160825T05:45:50.704Z","flowRate":"16.4","flowRateUnits":"L/min","currentLiquidFlow":"273","currentLiquidFlowUnits":"L/sec","totalLiquidFlow":"428","totalLiquidFlowUnits":"mL"},{"timeStamp":"20160825T05:45:51.706Z","flowRate":"5.7","flowRateUnits":"L/min","currentLiquidFlow":"96","currentLiquidFlowUnits":"L/sec","totalLiquidFlow":"524","totalLiquidFlowUnits":"mL"},{"timeStamp":"20160825T05:45:52.708Z","flowRate":"0.4","flowRateUnits":"L/min","currentLiquidFlow":"7","currentLiquidFlowUnits":"L/sec","totalLiquidFlow":"531","totalLiquidFlowUnits":"mL"},{"timeStamp":"20160825T05:45:53.709Z","flowRate":"0.0","flowRateUnits":"L/min","currentLiquidFlow":"0","currentLiquidFlowUnits":"L/sec","totalLiquidFlow":"531","totalLiquidFlowUnits":"mL"},{"timeStamp":"20160825T05:45:54.711Z","flowRate":"0.0","flowRateUnits":"L/min","currentLiquidFlow":"0","currentLiquidFlowUnits":"L/sec","totalLiquidFlow":"531","totalLiquidFlowUnits":"mL"},{"timeStamp":"20160825T05:45:55.712Z","flowRate":"0.0","flowRateUnits":"L/min","currentLiquidFlow":"0","currentLiquidFlowUnits":"L/sec","totalLiquidFlow":"531","totalLiquidFlowUnits":"mL"},{"timeStamp":"20160825T05:45:56.714Z","flowRate":"0.0","flowRateUnits":"L/min","currentLiquidFlow":"0","currentLiquidFlowUnits":"L/sec","totalLiquidFlow":"531","totalLiquidFlowUnits":"mL"},{"timeStamp":"20160825T05:45:57.717Z","flowRate":"0.0","flowRateUnits":"L/min","currentLiquidFlow":"0","currentLiquidFlowUnits":"L/sec","totalLiquidFlow":"531","totalLiquidFlowUnits":"mL"},{"timeStamp":"20160825T05:45:58.718Z","flowRate":"0.0","flowRateUnits":"L/min","currentLiquidFlow":"0","currentLiquidFlowUnits":"L/sec","totalLiquidFlow":"531","totalLiquidFlowUnits":"mL"
}
]
}